VehicleID,VehicleName,VehicleModel,VehicleBuiltYear,VehicleCost,Review,Rating
1,Mitsubishi,Mirage,2001,934243,2006 Mustang GT,5
2,Ford,Explorer,2000,466854,DREAM CAR,3
3,Acura,TSX,2007,683234,Great Ride,5
4,BMW,3 Series,2001,810679,I have wanted a Mustang for 40 years.,5
5,GMC,Jimmy,1996,377881,One owner,5
6,Ford,F250,2006,497283,Poor,3
7,Mazda,Miata MX-5,2000,566926,06 mustang gt with a few mods,4.625
8,Buick,Century,1992,756810,2006 Ford Mustang GT Premium 2dr Coupe (4.6L 8cyl 5M),4.375
9,Nissan,Pathfinder,1995,732408,Get Rid of it before 100K,3.5
10,GMC,1500,1995,790489,Get this car.,4.625
11,Toyota,Land Cruiser,2002,557255,Fun stang,4.5
12,Mitsubishi,Lancer Evolution,2002,928936,Well worth the wait!,4.75
13,Volkswagen,Passat,2004,518401,166K miles and still going strong,4.875
14,Audi,A6,2004,590010,Max Lives,4.625
15,GMC,Yukon,2002,484533,"Great car, couple of issues",4.375
16,Porsche,911,1985,725020,Only a few minior issues,4.375
17,Mercedes-Benz,G-Class,2011,801407,It is what it is,3.75
18,Maybach,57,2009,409571,Lemon Mustang,4
19,Chevrolet,Silverado 2500,2009,492660,So so....,4.75
20,Oldsmobile,Cutlass,1997,466385,Great looking car,4
21,Honda,FCX Clarity,2012,529957,"Worst Mustang ever, Don't buy Ford !!!",3.375
22,Chevrolet,Corvette,1998,379619,My 1st Stang !,4.875
23,GMC,1500,1995,368576,great car bad battery and window system,4.5
24,Pontiac,Firebird,1990,747008,Great Car,4.625
25,Ford,Taurus,1993,758275,Dreams are well worth working for!,4.625
26,GMC,Sonoma Club Coupe,1996,495657,First Ford,4.875
27,Porsche,928,1993,824281,2006 gt premium,4.5
28,GMC,Sonoma,1995,857297,My show car,4.625
29,Mazda,Mazda6 5-Door,2006,850046,What a car,4.875
30,Volkswagen,Jetta III,1994,844029,Like this car a lot,4.75
31,Infiniti,G,1995,888747,Quality's not there,3.875
32,Infiniti,G37,2011,707694,I got one of those lemons,3.25
33,Mazda,929,1990,537537,Best new car I've owned (I've owned 8),4.5
34,Chevrolet,Monte Carlo,2002,541930,Close but no cigar,3.875
35,Mitsubishi,Truck,1994,450983,2006 V6 Coupe Premium + Options,4.875
36,Volkswagen,Eurovan,2002,805194,She's exactly what I wanted,4.5
37,Nissan,370Z,2009,474207,Have your cake and eat it too!,4.625
38,Mitsubishi,Galant,2003,828834,used to love it...,3
39,Honda,Civic,1992,543154,Good Buy,4.625
40,Lexus,ES,2011,786925,Sad but True....not worth it,3.375
41,Audi,TT,2011,834059,One Super Car,4.875
42,Volkswagen,Scirocco,1987,917949,"Bought it new, falling apart",2
43,Pontiac,Montana,2001,807662,Drive It Like I Stole It,4.5
44,Acura,ZDX,2012,682982,Elvira,4.75
45,Nissan,Maxima,1998,736748,Incredible drive,4.875
46,Ford,Thunderbird,1983,699980,The Best Mustang Yet,4.875
47,Ford,Mustang,1990,829865,Great Mustang!,4.625
48,Toyota,Supra,1994,805405,Great Stang,5
49,BMW,5 Series,1998,985474,Dream car,4.875
50,Chevrolet,Express 1500,2004,925193,"Great car, and holds up well",4.25
51,Chevrolet,Malibu,2008,793877,Love It,4.75
52,Mazda,Miata MX-5,2012,607279,My first white pony!,4.625
53,Porsche,911,2002,411344,Best bang for your buck!,5
54,Cadillac,Catera,2001,750773,Love our Mustang,5
55,Dodge,Durango,2006,489272,A Great Pony,4.875
56,Kia,Spectra,2008,594448,Nice Pony,4.75
57,Ford,F350,2010,762288,Just Good,4.375
58,Kia,Sedona,2004,931624,Built Ford Tuff,5
59,Audi,S4,1994,910836,Bad To The Bone,5
60,Ford,F150,1994,541006,Great pony,5
61,Saab,09-May,2006,945955,"Solid, Fun to Drive, Even Fuel Efficient",5
62,Lexus,ES,2011,615269,What a beautiful car,4.75
63,Nissan,350Z Roadster,2006,451427,#1 Car to drive,4.875
64,Mitsubishi,Endeavor,2006,836130,Best Mustang,4.875
65,GMC,Yukon,2011,419014,Best Mustang Ever!,4.875
66,Isuzu,Trooper,1992,712714,DONT BUY A MUSTANG!,2.5
67,Ford,F350,2006,384961,My first Stang,4.875
68,Audi,A6,2007,773228,Not Very Reliable!,3.75
69,Jaguar,XK Series,2005,905421,Love it,4.25
70,Volkswagen,Phaeton,2006,583399,"""Payback Pony""",4.875
71,Pontiac,Turbo Firefly,1988,871058,Great fun car,4
72,Lexus,GS,2008,662517,Wild Stang,4
73,Jeep,Grand Cherokee,1999,677240,My 2006 Mustang,4
74,Mercedes-Benz,E-Class,1990,442760,Loving my mustang,4.5
75,Hyundai,Entourage,2008,920803,"90,000 km, and all's good!!",3.875
76,Nissan,Pathfinder,2008,539389,First Stang,4.125
77,Porsche,Cayman,2009,794887,Super Reliable,4.75
78,Aston Martin,Virage,2012,436437,V8 power,4.375
79,Toyota,T100 Xtra,1995,488474,Mustang - Fun to drive AGAIN!,4.75
80,Honda,CR-V,1999,427354,"Great retro fun, but...",3.75
81,Pontiac,Firebird,1984,803791,Great Ride!,4.25
82,Infiniti,G35,2004,570691,Good car,4.875
83,Plymouth,Neon,2000,556468,Mustang Sally ,4.25
84,Suzuki,SX4,2012,848175,"Not like the ""Good Old Days""... better!",4.625
85,BMW,7 Series,2010,592907,There is nothing like a Ford Mustang GT,4.875
86,BMW,X3,2006,518507,Always gives me a smile,5
87,Isuzu,Trooper,1993,340528,Great car until you have to put gas in ,3.625
88,Mercedes-Benz,C-Class,1995,356342,It sure ain't like my 1993 Mustang ,3.375
89,Pontiac,Firefly,1984,426998,2006 GT Convertable,4.75
90,Nissan,Quest,1998,766186,GT ,4.875
91,Mercedes-Benz,CLS-Class,2008,417115,Buy It--New or Used (2005 or after),4.875
92,Oldsmobile,Ciera,1992,400387,Why did I wait so long to buy?,4.625
93,Acura,Legend,1992,882087,Waiting for the Camaro,4.375
94,Mercury,Mountaineer,1999,634510,Who says you can't go back?,4.75
95,Audi,A8,2012,810213,Best Mustang Ever,4.875
96,Cadillac,Escalade EXT,2003,674892,Mid-life fantasy,4.75
97,Ford,Focus,2007,947559,Droptop fun,4.5
98,Chevrolet,Traverse,2010,415996,Great Car,4.625
99,Mazda,RX-7,1992,357797,Most Fun for the Dollar,4.5
100,GMC,Yukon,2007,470582,My Toy,4.875
101,Toyota,Tacoma,2008,426284,Live axle,4.125
102,Spyker,C8 Spyder,2004,468325,The 70's,5
103,Toyota,Camry,2004,701075,My Best Car in Twenty Years,5
104,Buick,Skylark,1986,765130,My Dream Car,5
105,Chevrolet,3500,1993,977583,Stang tastic,4.875
106,GMC,Sierra 1500,2009,747957,Can't touch it for the money,4.625
107,Mercury,Marauder,2003,427650,awesome,4.875
108,Land Rover,Discovery,2001,556358,Best bang for the buck!,4.875
109,Mercedes-Benz,E-Class,2002,379405,Dream car revisited,4.5
110,Mazda,Miata MX-5,1993,910313,Second Childhood,4.375
111,Volkswagen,Jetta,2003,847084,Michelle's Review,4.875
112,Mazda,RX-7,1995,835369,If only I could afford the V-8,4.375
113,Mitsubishi,Lancer Evolution,2008,676462,fun,4.5
114,Chevrolet,Silverado 1500,2012,352183,Love my 2006 Silver Stang,4.875
115,Toyota,4Runner,2010,518174,Owner,4.875
116,Chevrolet,Cobalt,2005,904036,2006 mustang fun,5
117,Volkswagen,New Beetle,2004,651759,A Modern Classic,5
118,Suzuki,Grand Vitara,2003,527570,funnnnn,4.5
119,Dodge,Ram 1500 Club,2001,493424,new mustang 2006,5
120,Toyota,Avalon,1998,707683,Ford Mustang GT Deluxe Convertible,4.75
121,Ford,F150,1994,614656,2006 Mustang GT,5
122,Buick,LeSabre,1999,945296,Amazing Car - Too much fun,4.5
123,Ford,F450,2008,431763,Built on the cheap,4.75
124,Volvo,S80,2008,851237,New Owner,4.625
125,Volvo,XC70,2009,960385,I love it!,4.625
126,Maybach,62,2006,341133,Mustang V6 Premium with Pony Package,5
127,Subaru,Outback,2002,526791,mid life Ford,4.875
128,Jaguar,XK,2009,752777,Whew!,4.625
129,Porsche,928,1985,829737,LOVE IT!,4.875
130,Nissan,Sentra,2004,391099,Best Stang yet,5
131,Dodge,Ram Wagon B250,1992,892128,Mustang GT ,5
132,Nissan,Maxima,2011,911762,on GT's GT Convertible,1.125
133,Nissan,GT-R,2012,349994,Absolutely A Fun Car...,4.875
134,Toyota,FJ Cruiser,2007,897636,Not Your Father's Mustang!,5
135,Suzuki,Samurai,1994,943633,Fun to drive,4.75
136,Chevrolet,Silverado 3500,2001,980340,Love the Car,4.5
137,Hummer,H1,1993,354736,Overall performance of this car.,4.5
138,Ford,Club Wagon,1997,885051,Larry's Fourth Mustang,4.625
139,Dodge,Caravan,1995,963258,Awesome Ride!,4.875
140,Mazda,RX-8,2004,676415,Car is really fast,4.25
141,BMW,M3,2012,857730,The Red Beast,5
142,Subaru,Brat,1987,929014,I LOVE LOVE LOVE IT! THE BEST CAR EVER!,5
143,Mazda,B-Series,1991,357381,Good all around car,5
144,Volvo,940,1995,515432,Takes a licking,5
145,GMC,Sonoma,1997,696584,2000 Ford Mustang Coupe GT,5
146,Suzuki,XL-7,2006,822047,Awesome car! v6 power exiting!,4
147,Bentley,Continental GTC,2011,948642,Kick butt old school,5
148,Mazda,626,2001,351945,It saved me!,4.375
149,Lexus,LS,2000,347521,I'm sure this may sound sad.,4.5
150,Buick,Roadmaster,1993,901133,I love my GT,4.75
151,Ford,Explorer,1998,741683,Mustang Engine Problem,3.875
152,Mitsubishi,Pajero,2002,986350,Still Loving it after 12 years,5
153,Ford,Explorer,2000,810077,Classic American Muscle Car,4.375
154,Dodge,Neon,2002,638970,One Amazing Car,4.375
155,Jaguar,XJ Series,2003,998433,Solid Car,4.625
156,Ford,Escort,1985,903858,1 1/2 years late......,3.875
157,Lexus,GX,2004,362857,Great car People think its v8 LOL,4.625
158,Chevrolet,Venture,2000,416823,Built Ford tough,5
159,Cadillac,Escalade ESV,2010,845427,No problems that wernt expected,4.5
160,Ford,Explorer Sport Trac,2005,654752,First time in a Ford,4.875
161,Holden,VS Commodore,1997,406520,not bad for a Ford,3.375
162,BMW,530,2007,796363,Not a Bad Stang,4.875
163,Toyota,TundraMax,2012,695857,FUN!,4.375
164,Audi,S4,2006,404253,2000 Ford Mustang 3.8,4.25
165,Ford,Taurus,2001,792122,2000 v6 Coupe 5 speed,3.5
166,Mercedes-Benz,CLS-Class,2007,707564,Aweome First Car,4.25
167,Toyota,Solara,2003,603039,Tamed Pony,3.375
168,Tesla,Roadster,2012,701758,Powerful V6 Pony!,4.625
169,Honda,Civic,2001,813456,Dream Car,4.375
170,Subaru,Outback,2005,349861,Dangerous underpowered rust bucket,2.625
171,Saab,09-Mar,2000,467427,Simple Car... Still fun!,3.875
172,Chrysler,Concorde,1997,698651,"Very fun, very reliable",4.5
173,Lamborghini,Diablo,2001,702464,6 years of racing and daily driving,4.75
174,Toyota,Tundra,2009,589181,Ford dies fast,3.625
175,Chevrolet,Corvette,1961,898383,"Reliable, Fun and Quick",4.75
176,Chevrolet,Beretta,1994,976351,Addicted to my Mustang!,5
177,Ford,F-Series,2001,540990,Completely Satisfied,5
178,Mercury,Mystique,2000,806790,fun and sporty,4.875
179,Toyota,Avalon,2012,907252,lots better than a Focus,4.5
180,Pontiac,LeMans,1967,754738,Just owned a week.,4.25
181,Pontiac,Grand Am,2003,791572,Still excited about driving this car,4.625
182,Mazda,Protege,1996,936042,Not A Bad Ford,4
183,Volvo,S80,2010,459707,Good car,4
184,Dodge,Ram Van 1500,2003,869556,My Experience,4.125
185,Dodge,Dakota Club,2004,558221,Just simply amazing!,4.75
186,Isuzu,VehiCROSS,1999,865694,Love this car!,4.5
187,Toyota,Camry Solara,2006,444220,Loved it at first...,3.25
188,Nissan,240SX,1994,825290,Great pony car,4.375
189,Volkswagen,Passat,2002,907536,Rob's Mustang review,4.75
190,Chrysler,300,2011,732646,Rock on Ford!,4.875
191,Land Rover,Discovery Series II,2002,524712,Everything I dreamed it would be...,4.875
192,Chevrolet,Camaro,1974,448345,Not Too Shabby...,4.125
193,Dodge,Viper RT/10,1993,472799,Dependable racer,2
194,Hyundai,Azera,2007,363222,I love My Mustang,4.625
195,GMC,Savana 3500,1999,801501,wonderful car,4.5
196,Acura,RL,2002,786055,Built Ford Tough,2.625
197,Kia,Borrego,2009,342942,Nice Domestic Sports Car,2
198,Hummer,H3T,2010,532153,Short and simple,4.875
199,Ford,Taurus,2011,831490,Great Car,4.625
200,Saab,900,1984,995703,Mustangs are the best,4
201,Jeep,Grand Cherokee,2009,416076,Good car.,4.875
202,Volvo,C70,2008,695081,Lots of Bang for the Buck,4.5
203,Dodge,Challenger,2008,365945,2000 Ford Mustang Review,4
204,Chevrolet,S10,1999,747401,Will definitely buy another!!!!!!!!,4.875
205,Cadillac,Eldorado,1992,391628,frustration,1.5
206,Plymouth,Breeze,1999,725642,Delayed Reaction,2.5
207,MG,MGB,1977,794613,Love this mustang,4.25
208,Ford,E250,2009,727724,My Sweetheart,4.75
209,Chevrolet,Sportvan G30,1996,434978,Love my Mustang,4.25
210,Bentley,Azure,2008,429794,Wish I got the V-8,3
211,Mercedes-Benz,CL-Class,2008,898631,Clear,4
212,Cadillac,Seville,1999,394901,Love it! ,4.375
213,Ford,F-Series,1994,950698,Still in love with her!,4.75
214,Toyota,Sequoia,2008,439146,Old Reliable.,3.625
215,Dodge,Dakota,2003,645361,Mustang Sally ,5
216,Cadillac,DeVille,1993,583007,"Powerful, Reliable V8 ",4.625
217,GMC,3500 Club Coupe,1997,640133,Love this car,4.875
218,Plymouth,Roadrunner,1969,583051,"We don't fix it, we have a better Idea",3.5
219,Eagle,Talon,1990,356045,Great summer car,3.75
220,Isuzu,Axiom,2003,382964,2000 V6 Convertible,4.875
221,Mitsubishi,Galant,1985,656718,Surprising Performance,4.125
222,Aston Martin,Vantage,2006,521022,Mystang,3.375
223,Toyota,Camry,1993,635398,Bac to the Future,5
224,Porsche,Cayman,2011,614619,Fun in the Stang,4.5
225,Volkswagen,Touareg,2007,457710,Pretty good vehicle,4.375
226,Porsche,Boxster,2002,374823,The horse keeps trottin',4.25
227,Dodge,D250 Club,1993,461103,Awesome,4.625
228,Mercury,Tracer,1988,422952,fun performer,4.625
229,Ford,Explorer,1997,964255,Not my best Ford,3.125
230,BMW,3 Series,2001,385398,Love my  'stang,4.625
231,Plymouth,Sundance,1993,957029,No problems,4.125
232,Dodge,Avenger,2000,620327,I love this car...,4.75
233,Ford,Focus,2007,739896,Good car,4.125
234,Audi,A6,2011,390141,imustang,4
235,Jaguar,XK Series,2003,343453,Fun in the Sun!,5
236,Infiniti,M,2012,432448,Dream Come True!!!,4.75
237,Volkswagen,Passat,1995,359796,Great Fun,4.625
238,Chrysler,Town & Country,1992,679152,my 42nd car,4.75
239,Ford,Mustang,2011,515334,85000 and counting,4.875
240,Chevrolet,Suburban 1500,1997,801170,Fun car but needs help,3
241,Audi,A8,2000,685997,A Really Good Car,4.375
242,Chevrolet,Express 3500,2002,800937,My stang,5
243,Ford,F-Series,2005,753178,"Fun, Fun, Fun",4.5
244,Toyota,Camry,2008,819243,I love my Mustang!,4.625
245,Suzuki,Aerio,2002,923790,Just A Stang,3.125
246,Honda,CR-V,2001,861282,Not bad at all,4.25
247,Mazda,323,1993,684845,C's Stang,4.75
248,Ferrari,F430,2006,590164,Don't buy a FORD!,1.625
249,Chevrolet,G-Series 1500,1996,851603,"not perfect, but pretty good",5
250,Oldsmobile,Aurora,2001,665089,Mustang Fan Forever,5
251,Mitsubishi,Galant,1996,994278,old mans fun car,4
252,Mazda,CX-7,2010,637858,Still fun to this day,4.375
253,GMC,Savana 1500,2002,680438,GREAT UN CAR,3
254,Volvo,S60,2011,365752,good and bad,3.875
255,Kia,Sorento,2009,841141,Fun Fun Fun,2
256,Dodge,Ram Van 3500,1998,810669,Fun Fun Fun,3
257,Volkswagen,Passat,1991,775707,Great Car!,5
258,Ford,F150,2007,372837,Love that Mustang,4.375
259,Lincoln,Navigator,2007,949469,ford junk,1.625
260,Dodge,Viper,2002,765745,Best car so far!,4.625
261,Mercedes-Benz,C-Class,1998,568340,Mustang GT Convertible Review,2.875
262,Ford,Courier,1988,430837,Make you noticeable,5
263,Toyota,Highlander,2004,876919,Nothing but junk!!!!!!,1
264,Chevrolet,HHR,2008,743266,Great American Icon,5
265,Toyota,Land Cruiser,1998,541698,2017 Mustang Air Conditioning weak,5
266,Land Rover,Discovery,2012,627081,2017 Mustang GT/Performance Package,4
267,Chevrolet,Camaro,1973,450398,affordable little pocket rocket,5
268,Mazda,Miata MX-5,2000,602198,Blue Pony,5
269,BMW,M,2002,926143,Too many issues,1
270,Volkswagen,New Beetle,1999,581281,2017 Mustang Ecoboost Premium,5
271,Audi,A6,2008,350628,Love my 2017 Stang GT!,5
272,Chevrolet,Aveo,2005,718595,Great bang for the buck,5
273,Chevrolet,Cobalt SS,2007,453958,MY AMAZING LITTLE PONY - GO PONY GO!,5
274,Cadillac,CTS-V,2010,365127,"2017 DON,T BUY",2
275,Chevrolet,Malibu,2006,711528,Replacement for totaled 2012 Mustang,5
276,Volkswagen,Type 2,1985,543640,Awesome,5
277,Jeep,Grand Cherokee,1998,478622,Mustangs rule !!,5
278,Volkswagen,Touareg,2009,587235,Too many â€œcharacteristicsâ€,1
279,Chevrolet,Cobalt,2006,558141,Buyer Be Aware,1
280,Geo,Metro,1993,616978,The new Mustang is AWESOME,5
281,BMW,Z3,1996,739655,My Horse,5
282,Ford,Contour,1997,711150,Midlife Crisis,4
283,Toyota,MR2,2002,572584,Great sporty car,5
284,Acura,ZDX,2010,765110,It Doesn't Get Any Better,5
285,Toyota,T100,1998,847945,Impressive engineering,5
286,Cadillac,DTS,2010,731019,The longer I own it the less I like it.,4
287,Pontiac,Sunbird,1989,536121,Mustang Ecoboost,5
288,Chrysler,Crossfire,2007,946672,Sadly my 2011 Outshines my 2017,3
289,Toyota,Matrix,2011,757855,Interior still out dated,3
290,Chevrolet,Silverado,2001,492210,Best Mustang Yet!,5
291,Aston Martin,DB9,2007,605883,Love my 50th Anniversary Mustang,5
292,Audi,4000s,1986,526027,sweetness,5
293,Plymouth,Breeze,1997,540368,"Looks & drives nice, but........",2
294,Eagle,Talon,1993,731901,GT PREMIUM WITH PERFORMANCE PACK,5
295,Lincoln,MKT,2013,888160,"Zoom zoom, 2017 Ford Mustang, 5.0 Automatic",5
296,Buick,Century,1992,486636,Best Mustang Ever,5
297,Plymouth,Laser,1991,673783,Ford makes a good mustang?,4
298,Rolls-Royce,Phantom,2005,349328,Great car and great value.,5
299,Isuzu,Rodeo Sport,2001,813840,Pony car,5
300,Suzuki,Grand Vitara,2012,924296,Topless extravaganza,5
301,Toyota,4Runner,2000,385697,I would have expected much more.,3
302,Pontiac,Sunbird,1985,858528,Great Rental Car but would hate to own,3
303,Volkswagen,Eurovan,1999,825748,I rented one for a Month!,5
304,Mazda,Mazda6,2006,356981,Best selling sports car in the world!,5
305,BMW,5 Series,2010,894069,Surprised me!,5
306,Ford,Laser,1986,465881,A Pound for Pound Bargain,4
307,Acura,TL,2001,454248,"Rented One, Want One",5
308,Saab,900,1993,847635,2017 Mustang GT V8 6 spd. auto Convertable  G.Blue,5
309,Infiniti,I,2001,725733,"Not a replacement, but a whole new automobile!",5
310,Ford,F250,2002,837552,The Ecoboost Premium Convertible,5
311,Oldsmobile,Achieva,1992,735416,2014 Fod mustang convertible,5
312,Chevrolet,LUV,1979,355562,2017 GT Premium Fun!,5
313,Dodge,Grand Caravan,1999,964779,Love my Mustang,5
314,Dodge,Ram 3500,2007,469326,New mustang same old story,4
315,Nissan,Xterra,2003,545772,14 GT Up to task!,4
316,Kia,Sedona,2006,733976,Great car for the money,4
317,Chrysler,300,2010,937519,What the automotive magazines should tell shoppers,3
318,Chevrolet,Corvette,2000,740136,"After 3 years, no regrets!",5
319,Land Rover,Defender,1993,618130,2014 Ford Mustang V6 Premium,5
320,Pontiac,Parisienne,1986,613071,Living with a 2014 Mustang GT,5
321,GMC,Sierra 1500,2004,904631,Fun Fast Ride!,5
322,Hummer,H3,2008,943191,Mustang Expert,5
323,Volvo,XC60,2011,965669,"Car is great. Interior, not so much.",4
324,Eagle,Talon,1995,560857,Super car,5
325,Lexus,LS,2005,835185,14 Body Style Coupe,5
326,Chevrolet,Cruze,2011,785942,Awsome Car,5
327,Chevrolet,Aveo,2004,797677,Awesome Muscle Car!,5
328,Mitsubishi,3000GT,1997,439599,gotta have it green retirement dream car,5
329,Land Rover,Range Rover Sport,2011,719265,Black and Gold,5
330,Dodge,Caravan,2009,577396,Great Car!,5
331,Buick,Riviera,1995,614612,2014 Black on Black ,5
332,Aston Martin,V12 Vantage,2011,571868,Not bad ,4.375
333,Infiniti,M,2007,353475,Friends don't let Friends buy a Ford,2.25
334,Pontiac,Montana SV6,2006,401052,2014 Mustang GT/CS,4.875
335,Acura,MDX,2005,873307,I am in love....,5
336,Saturn,Ion,2003,635541,420 HP is Awesome,5
337,Mazda,Tribute,2004,704301,Absolutely Love It!,4.75
338,BMW,6 Series,2008,755123,Fun Car,4.375
339,GMC,1500,1994,481698,V6 Auto base model,4.625
340,Ford,F-Series,1995,950734,"'14 GT, no options",4.625
341,Jeep,Grand Cherokee,1996,908992,wow,5
342,Ford,Festiva,1990,399626,Stock doesn't get any better,5
343,Chevrolet,Lumina,1997,503728,I Love my Pony car,5
344,Land Rover,Range Rover Classic,1993,959904,The bottom top,5
345,Subaru,Baja,2006,439236,What a RIDE!!!,4
346,Eagle,Talon,1994,556768,I love my mustang,4
347,Volvo,V40,2004,359330,LOVE LOVE MY PONY!,5
348,Subaru,Loyale,1993,515125,FUN TO DRIVE/. Update 8/2018,5
349,Chevrolet,Express 3500,1996,671925,Love the Car... but,4
350,Buick,Century,1994,893379,Love my Stang,5
351,Mercedes-Benz,G-Class,2003,566351,Love my Stang,5
352,Chevrolet,Silverado 2500,2007,365939,after years finally replaced bad airbags,1
353,Volvo,XC90,2007,705967,RECALL**ALL Mustang Airbags could kill if deployed,1
354,Spyker,C8 Double 12 S,2006,780859,"My ""Gotta Have It Green"" Dream",5
355,Ford,F250,2008,367884,Dream Car,5
356,Volvo,960,1995,667461,My dream car!,4.5
357,Chevrolet,Silverado 1500,2006,582059,Still a Great Fun Car for my 84 year old friend!,5
358,Dodge,Dakota Club,2005,404637,Happy Wife...,4.5
359,BMW,3 Series,1997,694398,My 5.0 GT Premium Convertible 6 Speed,5
360,Saab,9000,1999,427974,2014 Mustang Convertible,4.875
361,Lotus,Esprit,1987,879407,Reliable car ,4
362,BMW,7 Series,1994,427181,Favorite Car I've Owned,3.5
363,Hyundai,HED-5,2012,433499,Best shape its ever been in...,4.125
364,Pontiac,Firefly,1990,809269,1st Mustang for the family,4.375
365,Kia,Sedona,2008,861303,My First Car,5
366,Chevrolet,Silverado 2500,2012,457720,My Mustang gets 22.23 MPG over two years,5
367,Lotus,Esprit,1996,590387,love it,4.25
368,Chevrolet,Sportvan G30,1993,893977,don't listen to any discuraging adults,4.75
369,Ford,E-Series,1993,485201,Best of the Best,5
370,GMC,Yukon XL 1500,2008,415574,I've Had a Better Mustang ,4.5
371,Cadillac,Escalade ESV,2011,594377,Bang For My Buck!,4.875
372,Buick,Park Avenue,1992,477722,My Little Pony,5
373,Infiniti,Q,1993,898242,40th year for Mustang,4.75
374,Infiniti,FX,2005,972914,Best Car,4.625
375,Audi,4000s Quattro,1986,475027,Dixie's review,4.625
376,Mazda,Miata MX-5,2004,769374,hot red,4.875
377,Chevrolet,Cobalt SS,2009,565972,40th Anniversary Research,4.75
378,GMC,3500 Club Coupe,1998,741599,It Stinks,1.75
379,Chevrolet,Silverado 3500,2008,588723,40th Anniversary Special,3.75
380,GMC,Savana 3500,2002,980991,I love it!,4.75
381,Pontiac,6000,1991,817631,My BlueStang,5
382,Infiniti,G35,2006,938029,My 1st Mustang ever,4.375
383,Mazda,Miata MX-5,2005,760963,My GT,4.375
384,Chevrolet,Traverse,2011,429878,Fun to drive,4.75
385,Cadillac,Catera,2000,673664,More Bang For Your Buck!,4.5
386,GMC,Suburban 1500,1997,840102,Love that Car!! 2004 Mustang GT!!,4.75
387,Jeep,Wrangler,1999,390174,GO FOR THE 04!,4.375
388,Cadillac,CTS-V,2010,939710,I love my Mustang,4.625
389,Nissan,Altima,2012,489166,It Kicks and Screams Just Like New.,4.875
390,Ford,E-350 Super Duty Van,2006,916559,Stangn',4.75
391,Dodge,Charger,2007,852601,Gar Review,4.5
392,Maserati,Gran Sport,2005,722223,Good Car for me,4
393,Toyota,T100 Xtra,1995,960670,40th Anniversary Edition,4.5
394,Mitsubishi,Mighty Max,1996,927603,It is what it is,3.625
395,Nissan,Altima,2005,849211,"Aw, Not Bad!",4.125
396,Mercedes-Benz,M-Class,2000,590697,Pony Performance,5
397,Volkswagen,Passat,2012,503537,Fun to Drive,4.75
398,Saturn,VUE,2009,763871,Diehard 'Stang Fan,4.5
399,Eagle,Summit,1996,876108,Not too bad,4.25
400,Ford,Mustang,1992,416460,Nice looking car for decent $,4.125
401,GMC,Vandura 3500,1994,387458,Not what I thought,4
402,Chrysler,Town & Country,2009,736476,Ford?  Never Again!,2.125
403,Lexus,LS,1992,958419,Used Car Alternative,4
404,Chrysler,Town & Country,1992,402769,Matter of the Heart,3.875
405,Toyota,Highlander,2001,753647,Bang For The Buck,4.875
406,Isuzu,Trooper,1992,865527,Horribly cheap interior,2.75
407,Volkswagen,Passat,1997,672984,WOW!,4.75
408,Mazda,Mazda3,2005,725969,its a great car,3
409,GMC,3500,1998,632873,MY 2003 MUSTANG,4.875
410,Volkswagen,New Beetle,2001,584399,I Love My New 'Stang!!!!,5
411,Bentley,Continental Flying Spur,2010,526824,a good car,4.375
412,Mazda,Miata MX-5,1999,643964,GOOD BUT COULD BE BETTER,4.125
413,Jaguar,XJ Series,2003,810884,mustang sally,4.75
414,Kia,Carens,2009,853285,40th Anniversary,4.875
415,Ford,Club Wagon,1993,384804,"Fun, Fun,Fun",4.75
416,Mazda,RX-7,1985,787043,gt premiun mustang,2
417,Maybach,62,2006,928855,Great Car,4
418,Ford,E150,2011,785784,Bad A.. Mustang,5
419,Mercedes-Benz,E-Class,1986,921869,My Little Pony,5
420,BMW,5 Series,2009,441666,The Only True American Muscle Car,2
421,Pontiac,Bonneville,1998,361260,I LOVE MY CAR,4.875
422,Dodge,D350,1992,636975,fun to drive,4
423,GMC,Sierra 1500,1999,548621,excellent ride,4
424,Mazda,MPV,1990,675331,Best Buy,4.625
425,Cadillac,DeVille,1996,370595,Awesome Car,4.875
426,Chevrolet,Astro,1999,702126,wouldn't trade it for anything!,4.75
427,Toyota,Sienna,2008,372010,Mustang v6 Coupe Review,4
428,Ford,Aerostar,1986,561752,Its a little early to rate an 04 model,4.75
429,Pontiac,Firefly,1995,922018,6 cylinder dog - terrible disappointment,2.875
430,Lexus,LS,1989,608697,Never buying a ford again,2.75
431,Pontiac,1000,1984,796734,It's a keeper,4.875
432,Subaru,Impreza,1996,978633,Ford does make quality vehicles,4.25
433,Jeep,Liberty,2008,917617,Really Neat Time Machine,4.5
434,Mercury,Cougar,2000,911849,Still one happy customer @ 90000 miles.,5
435,Bentley,Continental Flying Spur,2009,794976,Mach 1 is good,4.75
436,Mercury,Grand Marquis,2008,924262,Great performance car,4.75
437,Nissan,Titan,2012,351937,Mach 1 Mustang,4
438,Buick,Enclave,2009,996836,True American legend,4.875
439,Jaguar,XK Series,1998,628089,Nice Performance for the Price,4.5
440,Infiniti,G,2012,832509,My Mustang,5
441,Land Rover,LR2,2008,836310,This car sells it self,5
442,Lexus,ES,1997,941951,gotta love my Mach1,4.875
443,Pontiac,Grand Prix,1965,667659,mustangs rock,4
444,Lexus,ES,2003,935596,the Mach is back,4.75
445,BMW,7 Series,2010,891305,VROOOM!!!!!,4.375
446,Volkswagen,Beetle,1967,799052,american muscle baby,4
447,Suzuki,Grand Vitara,2005,439644,mach 1,5
448,Honda,Insight,2011,990902,kicking,5
449,Cadillac,Escalade,2007,433638,Mach 1 Mustang,5
450,GMC,Sierra 2500,2000,567379,Mach 1,4
451,Nissan,200SX,1995,888079,TOY,1
452,Toyota,Avalon,2000,626755,Adrenaline packaged,4.5
453,Buick,Century,2002,728136,i love mustangs,4
454,Lincoln,Town Car,2000,851554,Excellent Mustang,5
455,Honda,S2000,2004,969549,My Dream Car,5
456,Oldsmobile,Bravada,1993,929997,Mach 1 is as good as it gets,5
457,Plymouth,Neon,1998,503254,1 mach 1,3
458,Mercedes-Benz,500SEL,1993,905903,"These are the ""good old days""....",4.625
459,Subaru,Impreza,1994,964045,UNSATISIFIED FORD SVT OWNER,1
460,Hyundai,Sonata,2007,490319,What you don't see under that pony body ,4.375
461,Chevrolet,G-Series G20,1993,923316,Awesome performance,5
462,Buick,Estate,1989,388432,mustang,4
463,Infiniti,Q,2005,835131,2004 Orange Mach1,2
464,BMW,M3,2001,890751,Another Ford Customer,2
465,Dodge,Caravan,1993,629268,mach 1,4.5
466,BMW,Z8,2002,646799,MACH I is fun!!!,4.25
467,Suzuki,Sidekick,1989,945634,nice fast ride for the money,4.75
468,Plymouth,Grand Voyager,1997,576100,Herd of ponies,4.75
469,Jaguar,XF,2011,804856,luis,5
470,Ferrari,612 Scaglietti,2007,820377,TooMach,4
471,Ford,F350,2011,594866,Get your's fast before they are gone!,4.875
472,Ford,EXP,1986,489500,Machin' Awesome,4.875
473,Dodge,Ram 2500,2001,938890,the best ,5
474,Mercedes-Benz,CLK-Class,2001,689337,Amazing automobile,4.625
475,Volkswagen,Touareg,2007,622246,I really like my Mach 1 !,4.625
476,Audi,A4,2000,942356,the best car ever,4.875
477,Lexus,RX,1999,711082,bring it,3.875
478,Nissan,Sentra,2000,367775,Mach 1 Review,4.5
479,Maybach,57,2005,685754,Not What I Thought!,3
480,Chrysler,Imperial,1992,680111,Mustang Mach 1,3
481,Chevrolet,Monte Carlo,1998,894556,Ford returns to the top with Mustang,2
482,Isuzu,Rodeo,1996,969343,My Mach 1,3
483,Mercedes-Benz,W201,1993,548467,Mach Nasy,4.75
484,Lincoln,Town Car,2007,753721,"Mach 1, a retro dream.",4.875
485,Lincoln,MKS,2012,677901,opinion,3.25
486,Mercury,Cougar,1984,894578,mustang,5
487,Isuzu,Rodeo,2000,792284,fast,4.75
488,Volkswagen,Golf,1993,536413,Nice ride!,4.125
489,Subaru,Outback Sport,2002,480744,excellent choice for young and old,4
490,Nissan,Xterra,2007,721339,03 cobra,4
491,Infiniti,G35,2008,700887,It's off tha heeza fo sheeza,4.375
492,Honda,S2000,2007,888333,The Best - Mach One,4.5
493,Audi,100,1993,382540,Winner,2
494,GMC,Terrain,2010,974699,truth,3.75
495,Nissan,Altima,2007,931765,Oregon Stang,5
496,Oldsmobile,Cutlass Supreme,1992,516537,2004 Ford Screaming Mustang Convertible,5
497,Buick,Coachbuilder,1990,438827,"Great fun, great value!",5
498,GMC,Canyon,2009,415531,Super Pony Car !,5
499,Mitsubishi,Eclipse,2009,565604,It's a Mustang,4.375
500,Lincoln,LS,2005,413978,The Ultimate Toy for those over 49,4.375
501,Isuzu,Rodeo,1993,933699,My 3.9L,5
502,Mazda,RX-7,1993,932188,red rocket,4.25
503,GMC,Vandura 3500,1993,484448,How do you spell fun to drive,4.625
504,Audi,S5,2011,874595,Go Topless,4.25
505,Chevrolet,Corvette,1970,633412,2004 Mustang,4.875
506,GMC,Yukon,1997,860713,Bruce's Mustang,4.75
507,Ford,Probe,1989,596681,Stangs Rock,4.375
508,Mercury,Milan,2009,595785,premium gt vert,4.625
509,Mercedes-Benz,S-Class,1994,556136,Can't go wrong,4.875
510,Audi,S6,2007,443325,2004 Mustang Rocks,5
511,Porsche,Cayman,2009,847799,love this car,4.25
512,BMW,325,2006,596434,Love My Pony!,4.75
513,Audi,90,1991,616140,Yee Haw,4.75
514,Toyota,Tacoma,2010,848296,Oily Problem,2.875
515,Dodge,Stratus,2005,665353,Great Car,5
516,Dodge,Challenger,2008,453281,Kick Ass,3
517,Cadillac,Fleetwood,1993,515776,My First Car,4.625
518,Lotus,Exige,2005,970547,great cars,5
519,Porsche,928,1989,525928,Disappointed,2.5
520,Dodge,Caliber,2008,692657,Mustang love,5
521,Subaru,XT,1991,417564,My First Ford,2.625
522,Chevrolet,Express 1500,2000,632485,40th Anniversary GT Convertible,4
523,Chevrolet,S10,1994,476099,my 2004 mustang,2
524,Volkswagen,Corrado,1993,460120,'03 Mustang Cobra Convertible,4
525,GMC,Suburban 2500,1995,789814,Pony Can't be corralled,4.625
526,Subaru,Legacy,1994,591562,"The rest are gone, but the pony thunders",5
527,Lamborghini,Gallardo,2011,900192,review,3
528,Chevrolet,Express 3500,2010,748967,2004 ford Mustang V8 GT,3.875
529,Dodge,Ram Van 2500,1995,931760,MY ,5
530,Chevrolet,Malibu,2001,746189,Loving My ,4
531,BMW,X6,2008,426093,Fun Car,5
532,Toyota,MR2,2004,382514,Fun car to drive and look at,4.75
533,Ford,Expedition,2004,545870,"""stang lover",3
534,Subaru,Forester,2007,806854,Great fun car!,4.875
535,Ford,Focus,2007,555943,My Sporty Forty,4.625
536,Mercedes-Benz,500E,1992,911041,good car,1
537,Saab,09-Mar,2003,451236,The Mustand,4.875
538,Pontiac,Sunbird,1991,417445,Livin' it and LOVIN' it!,4
539,Infiniti,Q,2006,771045,Bopping Baby,4.25
540,Buick,Regal,1992,972296,One last convertable fling,3
541,Acura,TL,1998,456300,A True Modern Muscle Car,5
542,Volkswagen,Jetta,1995,411683,Love my Pony Car,4
543,Ford,F-Series,2006,526719,I LOVE YOU MUSTANG!,5
544,Suzuki,SJ 410,1986,546957,mustang,5
545,Infiniti,M,2007,400838,Mustang Convertible,4.875
546,Chevrolet,TrailBlazer,2007,977955,MINT CAR,2
547,Ford,Thunderbird,2003,382117,A Kick,4.875
548,Lincoln,LS,2004,386601,Competition orange,5
549,Dodge,Ram 50,1992,822938,Mustang Rocks It,5
550,BMW,3 Series,1999,859675,Not too bad at all,4.25
551,Rolls-Royce,Phantom,2005,846276,Dream Car,1.625
552,Ford,F250,2010,763193,Fast Car,4.875
553,Mercedes-Benz,S-Class,2006,832006,Great Fun Value,5
554,GMC,Savana 2500,2007,483904,Mustang Lover,5
555,Pontiac,Firebird,1967,486534,Fun Machine,4.75
556,Chrysler,Town & Country,1999,422897,I own one,1
557,Mercury,Montego,2006,600916,40th ,1
558,Ford,F-Series,2009,493498,Leaping Mustang,4.875
559,Ferrari,F430,2007,371636,Al's Cobra,5
560,Mercedes-Benz,600SL,1993,942560,go mustang,3
561,Nissan,Armada,2006,383656,this car is awesome,5
562,Audi,4000s Quattro,1986,969968,Orange04GTConv,4.375
563,Suzuki,Swift,1996,987802,truly american,5
564,Chevrolet,Blazer,2002,583306,Ragtop Pony for Momma,4.25
565,Nissan,Frontier,1999,682522,"First mustang, last v6",5
566,Chrysler,Sebring,2003,492807,A dream come true,5
567,Volkswagen,Cabriolet,1995,501894,2010 Mustang gt,5
568,Mazda,Mazda3,2007,763167,Enough Mustang to make a Blue Oval guy happy,5
569,Mercury,Lynx,1984,725621,Comfortable Muscle,5
570,Ford,Thunderbird,1987,833838,Good value,4
571,Chevrolet,Cobalt SS,2008,395633,Mustang,5
572,Honda,Passport,1994,450694,Great Base model,4
573,Toyota,Camry Hybrid,2008,941913,My sweet GT,5
574,Toyota,Sequoia,2008,579830,Best car I've ever had,5
575,MINI,Countryman,2012,628931,Awesome CAR!,5
576,Chevrolet,Silverado 1500,2007,437226,"Average car, Average price: It's a Ford.",3.75
577,Nissan,Armada,2012,749057,Ford's Character Machine is [non-permissible content removed],4.5
578,Land Rover,Discovery,2004,480918,Awesome Car,5
579,Chrysler,PT Cruiser,2003,987411,Way Better Than a Camaro...,4.625
580,Chevrolet,Suburban 1500,2002,538621,Perfected Pony 2005 to 2010 GT Series,4.875
581,Honda,CR-V,1997,696063,Very good car,5
582,Chevrolet,Express 2500,2006,780075,2010 Ford Mustang V6,4.375
583,Spyker,C8 Double 12 S,2006,794856,Good Mustang,4.25
584,Chevrolet,Cavalier,1992,941541,Back to Domestics after 20 years,4.875
585,Chevrolet,Colorado,2012,694681,"V6 Has Plenty of ""Go""",4.75
586,Isuzu,Rodeo,1996,386782,What a car!,5
587,Cadillac,DeVille,2000,938453,I wish it were true,3.875
588,Acura,Integra,1996,649262,Better seats and move the cupholders...,4.75
589,GMC,Sierra 1500,2001,616324,Great V6 You'll Love,4.75
590,Plymouth,Voyager,2000,544783,2010 GT Black on Black,4.75
591,Chevrolet,Monte Carlo,2007,465181,The BEST car I've ever owned,5
592,Buick,Regal,1992,434597,Smooth,5
593,Pontiac,Trans Sport,1999,499218,2010 Kona Blue GT,4.625
594,Ford,Ranger,1999,559335,Exterior & Handling great,4.375
595,Hummer,H1,2000,919139,I'm a Chevy guy,4.625
596,Scion,tC,2006,544565,Best bang for the buck!,4.625
597,Cadillac,XLR,2006,354635,Step In The Right Direction,4.25
598,McLaren,MP4-12C,2012,389512,Wheel well covers rattle!,4.5
599,Toyota,Echo,2001,898167,Solid performance for any decade,4.875
600,Chevrolet,Corvette,1955,605571,The  Engine Roars,4.75
601,Mercedes-Benz,G55 AMG,2006,578335,Best of both worlds.,4.75
602,Dodge,Shadow,1992,595888,Safe solid sane sporty sexy,4.875
603,Chevrolet,Silverado 3500,2006,947856,Mixed bag,4.125
604,Chevrolet,Beretta,1992,410813,Great Car!,4.75
605,Lincoln,Continental,1997,642692,love my stangs!,4.875
606,Saab,9000,1999,433337,Eye Turner,5
607,Pontiac,Fiero,1984,413780,"BEST CAR, HANDS DOWN",4.75
608,Infiniti,FX,2006,895587,I love it,4.75
609,Acura,CL,1997,865410,Mustang GT,4.75
610,Nissan,Sentra,2003,704234,Sweet Ride,5
611,Pontiac,GTO,2006,823865,Ford Mustang eats Volvo S40,4.75
612,Porsche,911,2011,456766,Off the HOOK!!!,4.875
613,Maserati,Quattroporte,2008,676107,Outstanding Vehicle,4.875
614,Mercury,Topaz,1992,924735,Great vehicle!!!!!,5
615,GMC,Yukon XL 2500,2001,436119,Don't even miss my BMW 335i Twin Turbo,4.5
616,GMC,Yukon XL 1500,2000,406588,I love it !!,4.875
617,Hummer,H3T,2010,679203,Utah John,4.75
618,Mercedes-Benz,SLR McLaren,2006,505486,New '10,4.5
619,Ford,Taurus,2008,733737,Best Mustang yet!,5
620,Pontiac,Firebird,1995,453995,Fantastic drive!,4.75
621,Nissan,Cube,2011,568352,Simply Amazing !!,5
622,Ford,Ranger,2006,913979,Head turner,4.75
623,Toyota,Matrix,2010,726152,My Dream Car ,4.875
624,Mazda,Navajo,1992,890616,"""Funtagious""",5
625,Ford,Escort,1999,645699,awesome car,4.875
626,Suzuki,Esteem,1995,356572,Base Mustang,4.875
627,Chevrolet,Suburban 1500,2003,412757,2010 Mustang GT with 3.73 rear axle pack,3.25
628,Isuzu,Rodeo Sport,2002,948611,First Impressions,4.875
629,Mazda,Familia,1987,379551,Awesome,4.75
630,Volkswagen,Tiguan,2011,992765,WOW!!!!,5
631,Volvo,V70,2007,466528,Long time Honda buyer goes with a GT,4.25
632,Dodge,Caliber,2010,999566,First Sports Car,5
633,Subaru,Justy,1993,472433,Best overall Mustang I've owned,4.75
634,Kia,Sephia,1997,820163,Absolutely Amazing!,4.875
635,Chevrolet,Classic,2004,428700,Great car,5
636,Chrysler,Sebring,2001,973925,the white beauty,5
637,Buick,LaCrosse,2006,798814,Love this car!,4.625
638,Acura,MDX,2011,888866,Not my father's 66' Mustang Coupe..,5
639,Lincoln,Navigator L,2008,497067,First Mustang and First Convertible!,4.75
640,Jeep,Liberty,2002,931222,This is the Car iv'e been looking for,5
641,Ford,F150,2010,717940,I absolutely love this car!,5
642,Mazda,GLC,1984,835399,2010 GT Premium convertible,4.75
643,Toyota,Matrix,2005,341510,Some Say Sports Car - I Say Roadster,4.75
644,Studebaker,Avanti,1964,389422,GT Convertible,4.625
645,Saab,09-May,2002,764902,Love My Car,5
646,Ford,F250,1995,662461,"Childhood DREAM, came TRUE!!!!",4.875
647,Ford,F250,2008,645124,Love My Car,5
648,BMW,X3,2011,469683,2010 Mustang GT Premium Convertible,4.5
649,Land Rover,Discovery,1997,572305,210 mustang,4.875
650,Corbin,Sparrow,1999,556810,Way to go Ford,4.875
651,Acura,TSX,2009,435443,2010 Mustang Convertible,5
652,Toyota,Xtra,1993,955764,Great value -  Muscle Car Classic,4.375
653,Mazda,929,1995,440148,Great car to Drive,5
654,Kia,Sedona,2009,628645,Still getting compliments wherever we go,5
655,Mitsubishi,Truck,1988,460183,Still a strong muscle car,5
656,Pontiac,Vibe,2003,989868,Jp5rocket,5
657,Ford,Bronco,1994,353496,Fun Until Parts Start Breaking,4
658,Nissan,Versa,2012,570410,Beautiful Car For It's Day,4
659,Geo,Prizm,1994,740139,Mustang GT Premium - Grabber Blue,5
660,Ford,E350,2012,787575,"Fun, but room for DIY improvements",4.625
661,Ford,Ranger,2007,460156,Top down and loving,4.75
662,Ford,F250,1996,710308,Mustang: They Never Disappoint ,4.625
663,Jeep,Wrangler,2007,422076,so far so good,4.75
664,Volvo,S80,2007,380165,"Good car, serious safety flaws",3.625
665,GMC,EV1,1999,375843,The best mustang ever,5
666,Lotus,Elise,2004,880152,6 Months In,4.625
667,Lamborghini,Diablo,1990,360560,So far... I LOVE IT!!!,4.25
668,Subaru,Impreza,2000,603441,AWESOME TANG!,5
669,Lamborghini,Diablo,1994,721685,Can't be Beat for the Price,5
670,Volkswagen,Cabriolet,2001,686140,2012 Mustang GT Premium,4.75
671,Chevrolet,Corvette,1987,796943,Can't Beat This Deal!!,5
672,Mercury,Milan,2008,922043,SO FAR SO GOOD !!! BUY ONE IF YOU DARE !!!,4.5
673,Audi,A8,2011,933014,Total Disapointment!!,2.75
674,Porsche,911,1989,656341,"Mostly great, with a few small gripes.",4.625
675,Smart,Fortwo,2011,754481,Ford recaptures a classic,4.875
676,Porsche,Cayenne,2011,612636,The Real Deal!,4.75
677,Mitsubishi,Endeavor,2004,458419,Excellent Car Make Sure You Understand Options,5
678,Lexus,SC,2008,510827,Smiles on your face!,4.875
679,Mitsubishi,Tredia,1988,362538,2012 boss 302,5
680,Dodge,Viper,2004,468624,"Coming from a 3.7-V6, what a difference.",5
681,Audi,S4,1992,993251,Boss 302,5
682,Honda,Odyssey,2005,569709,1st Boss Review!!,4.75
683,Mitsubishi,Truck,1989,593267,Like a hot girlfriend!,3
684,Ford,EXP,1987,404117,gpa,5
685,Maybach,62,2005,439662,"True muscle in the V6 is hidden, but waiting to be unleashed. ",4.5
686,Mazda,CX-7,2009,895938,"1 year and 15,000 miles later...",4.375
687,Audi,A8,2011,394246,German to American,4.625
688,Volkswagen,Passat,1994,677509,Ford has really got it right.,5
689,Ford,F150,1995,500727,If you like no AC this is your car!!!,3
690,Mercedes-Benz,190E,1992,698224,Great Drive No Air,3
691,Geo,Tracker,1995,442455,Best performance for 35k,4
692,Oldsmobile,Cutlass,1998,957080,Best birthday present,5
693,Isuzu,Hombre,1999,902744,my sweetheart 'Stang',5
694,Chevrolet,Malibu,2001,358262,"37,000 mi....",4
695,Oldsmobile,Silhouette,2001,722333,Best Buy,5
696,Mercedes-Benz,SL-Class,1996,800862,"After 62,850 miles, Iâ€™ll miss her, but...",4
697,Lincoln,Navigator L,2008,361581,Expect to have your entire dash pulled out,4
698,Lexus,RX,2012,584713,ford mustang 3.7 v6 ac stop working at 13000 miles,3
699,Nissan,NV1500,2012,646294,A Fun Car to Drive,5
700,Infiniti,QX56,2010,601201,2016 mustang gt auto,2
701,Mercedes-Benz,SLS AMG,2012,655547,Great car !,5
702,BMW,7 Series,2004,397991,Evap Emmisions Problems,4
703,Dodge,Stealth,1993,830950,Great Value,4
704,Chevrolet,TrailBlazer,2003,450936,Enjoyable,4
705,Toyota,Sequoia,2001,460069,Engine failed at only 1300 miles,1
706,Ford,Expedition EL,2008,999862,Its a head turner,5
707,Suzuki,XL-7,2003,362319,Great Buying experience great car,5
708,Ford,Freestar,2003,869971,Terrific California Special,5
709,Merkur,XR4Ti,1985,439672,over all to this point,4
710,Mercury,Topaz,1986,975124,"""Ancient"" Interiors",4
711,Ford,Escort,1992,807555,2016 Mustang EcoBoost Premium Review,3
712,Lexus,ES,2011,471880,The Premium Stang,5
713,BMW,3 Series,2001,720095,AC Failure in less than a year In Hot Miami summer,2
714,Land Rover,Discovery Series II,1999,925888,only ford I wanted,4
715,Dodge,Ram Van 3500,2001,680264,Mean American muscle with a soft side,5
716,Hyundai,Santa Fe,2012,734727,No longer an Ecoboost Skeptic,4
717,Isuzu,Amigo,1993,968744,LOVE THIS CAR!,5
718,Buick,Riviera,1993,760793,Base mustang,5
719,Saab,9000,1994,988397,2016 GT w/ Redline interior,5
720,Mazda,Mazda6,2009,588839,Chevy guy,5
721,Hummer,H1,1997,614827,"New road car, yellow mustang",5
722,Aston Martin,Rapide,2011,596581,"Driving fun, new tech, lousy after sale service!",4
723,Toyota,FJ Cruiser,2011,931663,Awesome Car !,5
724,Lincoln,MKS,2012,524128,"Mustang GT Performance Pack, is better than Camaro",4
725,Plymouth,Colt Vista,1992,400195,Cool car!,4
726,Land Rover,LR2,2009,998436,Lots of great couple not so good,4
727,Ford,Expedition,2000,553490,Great Car for the value.,4
728,Chevrolet,Impala,2000,386214,Great car - caution about the Performance Pack,5
729,Ford,F-Series,2002,488354,Great car,5
730,GMC,Suburban 1500,1993,829945,Great muscle car for the price....!,4
731,Dodge,Charger,2012,536973,"Beautiful, powerful, comfortable GT",5
732,Pontiac,Grand Prix,2007,612551,I Love my Mustang!,5
733,Chevrolet,HHR Panel,2006,535198,Classic American Pony,5
734,Pontiac,Firebird Formula,1992,555368,I love this car,5
735,Nissan,Quest,1997,580936,The pony is no phony,5
736,Toyota,Matrix,2006,932996,Dream Car Becomes Reality,5
737,Volkswagen,Touareg,2006,440756,A dream car for sure!!!!!,5
738,Jeep,Compass,2009,851670,"Mustang perfomance, driving & reliability is tops",5
739,Audi,RS 6,2003,537171,Ford Warranty Sham,3
740,GMC,Vandura 1500,1994,527907,"Sweet, Sweet Pony",5
741,BMW,5 Series,2002,518665,leaking in Swansboro,3
742,Daewoo,Lanos,2000,921259,Best Mustang so far,5
743,Subaru,Loyale,1992,831548,Mustang purrs!!!,4
744,Mitsubishi,Precis,1993,597792,Mustang GT 2016,5
745,Honda,Civic,2004,822239,New purchase,5
746,Buick,Skylark,1995,662472,This may be the Best Mustang Yet!,5
747,Dodge,Ram 2500,1994,771274,FAST Ecoboost Pony,5
748,Pontiac,6000,1990,349954,No Navigation,1
749,Mitsubishi,Montero,1992,729130,Just so much fun,5
750,BMW,8 Series,1995,525638,2016 Mustang GT Premium â€“ The Pony Car that Could!,5
751,Mercury,Mountaineer,2006,433100,"This is ""the"" Mustang to have!",5
752,Cadillac,SRX,2004,397530,Great! ... to start.,4
753,Nissan,Altima,1999,801063,2016 V6 CONVERTIBLE MUSTANG 305 HP!!,5
754,Buick,Lucerne,2007,956751,Don't buy 2016-2017 mustang,1
755,Mercedes-Benz,M-Class,2004,909472,Topless Pony!,5
756,Jeep,Liberty,2004,655226,Fabulous ,5
757,Dodge,D350,1992,878817,My little pony,5
758,Toyota,Land Cruiser,1998,759873,Love my Mustang convertible!,5
759,Bentley,Continental Super,2012,776850,Nice little speedster with the FRPP tune,5
760,Audi,Q5,2010,809543,V6 Mustang Convertible with 6-speed Auto trans.,5
761,Lincoln,Continental Mark VII,1986,440448,Another Mustang,4
762,Subaru,Impreza,2001,744814,2016 convertible,5
763,GMC,Yukon XL 2500,2002,899953,Love my GT even more daily,4
764,Land Rover,LR2,2010,820096,Austin Bluesman,5
765,Pontiac,Grand Am,2000,872300,Run the other way!,2
766,GMC,Savana 2500,1997,703965,Great car horrible engine,4
767,Pontiac,G8,2009,387080,Our new pony car named Ruby,5
768,Volvo,940,1994,514653,Not so Little Pony!,5
769,Isuzu,VehiCROSS,2000,773631,my best ride,5
770,Honda,Prelude,1994,747506,Poor exterior workmanship,2
771,Buick,Skylark,1994,569608,"2016 GT/CS Premium Covertible ""Carolina Special""",5
772,Audi,A8,2003,444760,Dream car Disappoints---UPDATE,5
773,Ford,Country,1967,363394,Dream car Disapoints,4
774,Nissan,240SX,1992,736185,Turbo,5
775,Dodge,Avenger,2010,673629,Daily thrill,5
776,Volvo,XC90,2011,746117,Owned 3 days,5
777,Toyota,Land Cruiser,1997,948860,DO NOT BUY A 2015-17 FORD MUSTANG,1
778,Toyota,Celica,1983,873863,Great pony car!,5
779,Isuzu,i-Series,2008,610019,Love it,5
780,GMC,Sonoma,2003,858359,My First Mustang and I'm Keeping It!!!,5
781,Lexus,SC,2008,930731,Very nice sportscar,4
782,Dodge,Ram 1500,2010,441721,Great ride,5
783,Chevrolet,Camaro,1994,984058,2015 MUSTANG GT 50 YR APPEARANCE,3
784,Chrysler,Cirrus,1999,917055,What's not to like? Feels like it was made for me.,5
785,Volkswagen,rio,1999,803980,This Pony has more than one trick!,4
786,Kia,Sedona,2012,593960,A truly great American performance car!,5
787,Buick,Skylark,1987,663974,Back in a Mustang after 41 years,5
788,Hyundai,Sonata,2004,877437,Crazy Coyote,4
789,BMW,X6 M,2011,811911,Mustang Is A Disappointment!,2
790,Lotus,Elan,1993,676498,most expensive scrap metal,1
791,Pontiac,Tempest,1967,478501,Just a Great Car!,5
792,Pontiac,G5,2009,676078,Vibrating Mustang,2
793,Ford,Aspire,1995,490860,V6 With Automatic,5
794,Mazda,RX-7,1993,816658,BEWARE - driveline vibrations that Ford cannot fix,1
795,Land Rover,Discovery,1997,701872,Really fun car,5
796,Maybach,62,2004,434941,One sassy lady,4
797,Acura,NSX,2003,878787,Custom Mustang goes wrong!,1
798,Nissan,Maxima,1999,685949,Boost'n 4!,5
799,Chevrolet,Cobalt,2005,466403,Love this car!,5
800,Mercury,Mountaineer,1999,918026,Awesome car for the money!  Fast and Loud!,5
801,Cadillac,Fleetwood,1996,726977,Best Mustang I've owned so far!,5
802,Lincoln,Mark VII,1984,943319,"I'm 33 and this is my 5th Mustang, Love LOVE it",4
803,Dodge,Ram Van 1500,1996,639361,Mustangs 4 Life!!!,5
804,Toyota,Land Cruiser,1996,847104,Former European car owner,5
805,Chevrolet,Caprice,1994,444958,Beauty and a Beast,5
806,BMW,M3,1999,467205,New Pony is a real treat,4
807,Saab,900,1999,362001,Best Bang For Your Horsepower Buck-- Nothing Else!,3
808,Mitsubishi,Truck,1991,931510,Performance Package GT,4.75
809,Lexus,LS,2010,902528,Love this car!,5
810,Chevrolet,Cobalt,2006,775560,Lovin' the car!,5
811,Chevrolet,Suburban 2500,2004,351516,Extremely satisfied with EcoBoost Premium (A/T),4.25
812,Lotus,Exige,2011,445861,Worth Waiting For,4.875
813,Mercedes-Benz,G-Class,2003,939460,The Pony,4.75
814,Mitsubishi,Eclipse,2001,697294,love this car,4.875
815,Chevrolet,Cavalier,1999,346228,Ford !! congrat's you got it right,5
816,Ford,F250,1998,889807,I love smoking V8's in my Sleeper Mustang,4.875
817,Cadillac,Escalade,2005,506306,All I can say is WOW!,5
818,Kia,Borrego,2009,850500,Best Mustang Ever; Infotainment is Nightmare,4.5
819,Pontiac,GTO,1967,417841,Close to perfect,4.75
820,BMW,7 Series,2001,603107,"Great Vehicle, But Terrible Customer Service",4.5
821,BMW,530,2004,357042,First and last ford product,2.875
822,Pontiac,Bonneville,1999,421017,Decidedly unimpressed,2
823,Kia,Rio,2010,648683,1st Mustang - Worth the Wait!,5
824,Toyota,Avalon,2006,669244,Great Update,5
825,Dodge,Ram 2500,2003,371784,Fun!,5
826,Mazda,626,1996,885276,Just had to have another Convertible,5
827,Lexus,LS,2008,751949,"This car is seriously, UNREAL....",5
828,BMW,M5,1993,745359,Sporty fun vehicle with a lot of nostalgia,5
829,Infiniti,Q,2001,802389,2015 Ford Mustang  GT,5
830,Buick,Enclave,2010,979480,Great value for money spent!  (Still is!),5
831,Mazda,MX-6,1989,704709,2015 Ford Mustang Convertible V6,5
832,Dodge,Dakota Club,2005,519572,Best Convertible Money Can BUY!!!!,5
833,Alfa Romeo,164,1994,398303,Mustang GT convertible fan,5
834,Kia,Amanti,2005,734653,Eco boost is the best of both worlds !,5
835,Ford,Fusion,2012,858202,Mustang has reached the modern world,5
836,Toyota,Paseo,1992,691843,2015 2.3L Convert Stang fun to drive & sexy,5
837,Lexus,IS-F,2012,509932,My 33rd car and the best,5
838,Ford,F250,2011,534630,Ex- Chevy guy,5
839,Ford,E-Series,1988,879785,Hopefully your car isn't mine.,5
840,Buick,Regal,1995,764248,Pulsating vibration 60-75,2
841,Toyota,Celica,1978,460310,"Five shop visits in the first 6,000 miles!",3.5
842,Buick,Riviera,1989,993260,New Mustang Delivered without Tonneau Covers,3.375
843,Toyota,RAV4,1998,549246,Sporty....controlled aggression thats also a work of art :),5
844,Nissan,240SX,1992,690595,A Horse of a Different Color,5
845,Mercedes-Benz,600SL,1993,601951,MUSTANG SALLY's CAR,5
846,Buick,LeSabre,1994,663268,Great Daily Drive,4.375
847,Cadillac,STS,2007,739094,Great First Car,4.75
848,Volkswagen,Eurovan,2001,761792,Dream Car,4.375
849,GMC,Savana 1500,2003,973785,Fun Drive,4.5
850,Pontiac,Grand Prix,1989,745323,Great Choice,4.875
851,Mazda,RX-8,2006,473736,"192,000 miles and still strong",4.75
852,Infiniti,JX,2013,364171,Jar your spine,2.875
853,Cadillac,Escalade,2012,840289,Lots of Fun!!,4.75
854,Mercury,Marquis,1985,390151,modified gt,4.375
855,Hyundai,Veloster,2012,939544,tired of the vibrations,2.125
856,Mercury,Topaz,1987,957114,Decent Ride,4.375
857,GMC,Yukon XL 1500,2002,376226,Love the Mustang,5
858,Dodge,Durango,2006,970116,Very reliable,4
859,Dodge,Intrepid,1994,466165,I Enjoyed It,4.25
860,Ford,Mustang,1964,692764,1st Mustang,4.625
861,Kia,Sedona,2012,787655,OUTSTANDING,5
862,Subaru,Legacy,2002,568813,Good Performance,4.875
863,Mercedes-Benz,SLR McLaren,2005,441771,Roar,4.5
864,MG,MGB,1977,589051,Great Car,4.5
865,Infiniti,G37,2010,907076,American Muscle Car,4.75
866,Oldsmobile,Intrigue,2000,415605,Good Car,4.375
867,Maybach,57,2009,980986,A car guy's best friend,4.125
868,Chevrolet,Venture,2004,662226,A lot of bang for the money,4.625
869,Mazda,Miata MX-5,1997,411103,2002 Mustang 3.8 M5,4.5
870,Ford,Torino,1970,891711,"Lots of miles, still cuisin'",4.75
871,Mitsubishi,Mighty Max,1992,596096,"Great car, so fun to drive!",4.5
872,Pontiac,LeMans,1988,475410,I love my Mustang!,4.625
873,Acura,SLX,1998,659710,'02 Mustang GT,4.75
874,Acura,Legend,1995,593401,I love my Stang!,5
875,Buick,Century,1987,744494,GT Premium,4.5
876,Honda,S2000,2009,634846,I loved my STANG!,4.5
877,Ford,Festiva,1990,714782,I love this car!,4.25
878,Mercury,Monterey,2004,772086,Mustang review,4.75
879,BMW,325,2005,397170,Least expensive sports car you can buy,4.25
880,Dodge,Neon,2003,623684,Great car to buy!,4.875
881,Nissan,Maxima,1997,717842,My Stang,4.125
882,Volvo,C70,2010,661435,Long Time Runnin',4.875
883,Volkswagen,Scirocco,1987,994112,nice ride,4.75
884,Honda,Element,2011,693660,Wow,4.625
885,Hyundai,Sonata,2010,508870,Good Value,4
886,Mercedes-Benz,E-Class,1986,530342,Good Bang for your buck,3.875
887,Chrysler,Town & Country,2011,734559,BEST CAR ON THE MARKET,4.75
888,Acura,TL,2003,773058,Get one!,4.375
889,Toyota,Celica,1976,412393,Safe Car,4.75
890,Nissan,Altima,2005,545427,Love my Mustang,2
891,Mitsubishi,Truck,1985,756533,What A Car,4.625
892,Buick,Century,2000,648489,"Good Looks/Performance, ok Build Quality",4.125
893,Mazda,MX-5,1995,520842,I love it,4.75
894,Lincoln,Continental,1998,583440,"YEAH, baby!",5
895,Ford,Escort,1987,792997,A Good Car for the Money,4.875
896,Ford,Ranger,2009,815855,Paint Job!!!,4
897,Chevrolet,Suburban,2010,678312,Patrol Car?,4.875
898,Lincoln,Town Car,2002,514083,My Mustang,5
899,Mazda,Miata MX-5,2009,515887,We Love This Car!,4.875
900,Volvo,XC90,2013,730060,My Coupe,4.25
901,Ford,E250,2007,412496,2002 Ford Mustang GT Premium,4.625
902,Dodge,Grand Caravan,1998,629474,Mustang 2002,5
903,Ford,F-Series,2005,496072,2002 Mustang,4.375
904,MINI,Cooper,2011,600365, Evaluation of a Mustang from an Owner,5
905,Suzuki,Reno,2007,593985,Great for the money,5
906,Suzuki,Samurai,1992,951490,PROBLEMS,1
907,Mercedes-Benz,CLS-Class,2011,648640,Auto Owners Put The Pedal To The Floor!!,4.5
908,Pontiac,Parisienne,1984,625191,Moving UP,4.625
909,Chevrolet,Monte Carlo,2007,860376,#1 car,4.375
910,Volkswagen,Jetta,2012,732480,Good car,4.375
911,Ford,Excursion,2002,835115,Bad vibrations,5
912,Toyota,Supra,1992,556129,Like it but don't love it!,3.75
913,Mercedes-Benz,W126,1983,613869,The Best,4.5
914,Mazda,323,1992,453764,The Ultimate Muscle Car,4.8
915,Land Rover,Defender,1997,393518,Owner,5
916,Isuzu,Rodeo,1997,720336,i have looked around for a long time .for this mus,5
917,Mitsubishi,Mirage,1994,472668,Fun in a solid car,5
918,Isuzu,Hombre Space,1997,505296,I trust over any new car. ,4.625
919,Hyundai,Santa Fe,2006,839827,"Beastly, Rock Solid, and Efficient",4.75
920,Saturn,Relay,2007,699822,02 GT convertible Good & Bad.... For 2012,2.875
921,Ferrari,599 GTB Fiorano,2007,642791,"Fun, Fun, Fun",4.375
922,Dodge,Avenger,2012,871408,Old guy with used Mustang,4.875
923,BMW,Z4 M,2008,724214,Fun Fun Fun!,4.25
924,Mercury,Capri,1992,652673,Love my Stang,4.5
925,Volkswagen,Golf,1992,871012,Can't go wrong with American Muscle,4.875
926,Nissan,Altima,1995,709928,Dark Horse,4.375
927,GMC,Yukon XL 1500,2006,705098,Fun to drive/poor quality,3.125
928,Subaru,Outback,2010,356565,"3rd Mustang, The Best So Far",4.5
929,Mazda,Mazdaspeed 3,2007,606705,eh,3.875
930,BMW,6 Series,2008,993003,Mustang GT Convertible - great car!,4.25
931,Audi,4000s Quattro,1986,948276,2002 Mustang GT Convertible,4.75
932,Mercedes-Benz,CLK-Class,1999,603002,Ford Mustang -- fun to drive,4.5
933,Ford,F350,2006,683786,Slow But Fun Stang Vert,4.375
934,Toyota,FJ Cruiser,2010,383323,Love My 'Stang,4.875
935,Mazda,Mazda5,2010,975366,The American Mustang,5
936,Hyundai,Excel,1994,477775,My 'stang is my buddy,5
937,Chevrolet,Impala,2001,889946,My 2002 GT convertable,5
938,Ford,Edge,2007,772667,2002 Gt Convertible,4
939,GMC,3500,1999,531456,slow stang,4.625
940,Cadillac,XLR-V,2008,670613,Best Top Down fun for the price,4.375
941,Daihatsu,Charade,1992,595275,You Get What You Pay For!,4.625
942,Ford,Bronco,1992,911223,Mustan,4.25
943,Mazda,B-Series Plus,1999,920706,My Blue Pony,4.375
944,Dodge,Ram 2500,2008,342854,An American Classic,4.625
945,Lincoln,Continental,1990,591635,02 Mustang Premium Convertible,3.875
946,Lexus,LS,2001,655751,My Baby Car,4.875
947,Toyota,Camry,2003,940710,"For what it is, I'm satisfied.",4.375
948,Audi,S5,2010,719138,What a blast!!,4.625
949,Land Rover,Range Rover,1997,483435,Incredible,5
950,Dodge,Viper RT/10,1995,546364,A few flaws but not bad,4.625
951,Mercury,Topaz,1992,936091,review on mustang,4.875
952,Audi,Allroad,2001,484690,Great Car!,4.5
953,Chrysler,LHS,1996,534064,Simply Amazing,4.875
954,Aston Martin,Vantage,2007,689847,"I love this car, don't buy a Civic",5
955,Oldsmobile,Achieva,1993,525231,Very Satisfied,3.875
956,Toyota,Highlander,2012,893161,Coveted For 30 Years-No Disappointments,4.75
957,Chevrolet,Express 1500,1998,973215,Best commute ever!,4.625
958,BMW,X3,2004,886475,Lovin it,5
959,Chevrolet,Venture,2001,846889,First Time In A Mustang,4.75
960,Pontiac,Safari,1987,787863,Mustang kicks ***,5
961,Chevrolet,Express 1500,2006,459876,katie,3
962,Lotus,Elise,2006,583793,NO HATS OFF,2.875
963,Ford,Crown Victoria,1998,726085,FUN MUSTANG,4.25
964,Dodge,Charger,1999,476591,Just Another Review,4.625
965,Nissan,Cube,2010,531462,Not Too Bad...Not Too Good Either,3.75
966,Mercedes-Benz,S-Class,2003,542650,1999 Mustang GT convertable,5
967,Mazda,Familia,1989,345352,Worst Ford ever owned,3.5
968,Cadillac,XLR,2006,368018,fun to drive,4.25
969,Ford,Econoline E250,2000,677271,Franken' GT,3.75
970,Ford,E250,1984,567271,"6 to one, half dozen to the other",4.25
971,Infiniti,I,1996,500928,It's a very expensive pile,1.25
972,Pontiac,Sunfire,2004,412453,1999 v6 Mustang 10 year review,5
973,Mazda,MX-5,1991,841207,Amazing!,4.75
974,Lotus,Esprit,2004,387744,Best car Ive owned,5
975,Mercury,Villager,2000,563017,I'm going to miss my Penny :( ,4
976,Oldsmobile,Aurora,2002,503259,Great Car,4.875
977,Land Rover,Range Rover Evoque,2012,654470,1999 Mustang GT,4.125
978,Mitsubishi,Mirage,2001,444001,Love my pony!,4.375
979,Chevrolet,Sportvan G30,1992,381657,Love or hate,3.125
980,Volkswagen,Golf,1989,844598,"I know, I know, all 10's?",5
981,Dodge,Durango,1998,535069,Love my car,4
982,Hyundai,Genesis Coupe,2011,341815,Best bang for the buck!,3.625
983,Ford,F450,2012,515222,A Mustang is a true Legend,4.625
984,Volkswagen,Eurovan,2002,775609,Excellent Choice,4.875
985,Dodge,Stratus,2006,560206,Great car for the money!,4.875
986,Volkswagen,Jetta III,1994,959821,Third time's a charm!,5
987,Buick,Century,1999,492669,Best car I have ever owned!,4.625
988,Chrysler,Sebring,1998,586949,Fast and Fun,4.875
989,Nissan,Altima,2003,592781,Fun car Great Price,4
990,Infiniti,M,2009,842164,semi-satisfied owner,3
991,Cadillac,Eldorado,1997,875269,Been around 40 years for a reason!,4.875
992,Lotus,Elise,2011,456616,I love my mustang,4.875
993,Mercedes-Benz,GLK-Class,2011,936328,LASER RED 35TH ANN. MUSTANG V6,4.625
994,GMC,Sonoma,1994,748019,FUNSTANG,4.625
995,Chevrolet,Express 1500,2006,495514,35th V-6 Mustang,4.875
996,Nissan,NX,1993,401372,NO PROBLEMS,4
997,Mitsubishi,Chariot,1990,707058,Great,4
998,GMC,Yukon,1997,572276,Thank you Detroit,4.875
999,Porsche,Cayenne,2011,678423,1999 Mustang Gt,4.75
1000,Audi,200,1991,636468,Cant beat a stang,4.5
